roundId,multiplier,timestamp
1,1.64,
2,1.34,
3,1.01,
4,7.39,
5,1.24,
6,3.91,
7,1.07,
8,1.05,
9,2.20,
10,1.09,
11,1.36,
12,1.38,
13,12.40,
14,14.02,
15,1.07,
16,1.81,
17,1.84,
18,2.29,
19,1.71,
20,1.00,
21,5.75,
22,2.31,
23,1.01,
24,1.06,
25,9.70,
26,238.30,
27,1.29,
28,1.18,
29,15.16,
30,1.13,
31,1.06,
32,2.14,
33,2.00,
34,1.07,
35,1.28,
36,1.36,
37,1.31,
38,10.64,
39,1.14,
40,5.44,
41,30.64,
42,7.88,
43,1.01,
44,1.82,
45,1.54,
46,28.07,
47,1.28,
48,2.22,
49,1.11,
50,4.01,
51,1.72,
52,1.00,
53,1.04,
54,2.42,
55,3.32,
56,4.45,
57,10.53,
58,3.81,
